Workbook

Sheet Read Me
B2: NIST CSF 2.0 Risk Assessment
B3: Northbridge Kitchen Supply Co. — Companion Workbook
B5: Prepared July 2026 · Fictional exercise, built for portfolio purposes
B8: Fictional company notice
B9: Northbridge Kitchen Supply Co. is a fictional company invented for this self-directed exercise. No real organization was assessed, and no finding in this workbook describes a real entity or real data.
B12: What this workbook contains
B13: Function Summary — the maturity heatmap by CSF Function, matching the executive report.
B14: Risk Register — all 35 assessed subcategories at full detail: current state, target state, gap, likelihood, impact, risk score, finding, recommendation, owner, and remediation horizon.
B15: Roadmap — the same 35 actions grouped into 30/90/180-day horizons.
B18: Scoping approach
B19: NIST CSF 2.0 defines 106 subcategories across 6 Functions and 22 Categories. Scoring all 106 at full depth isn't realistic for a first-pass assessment, so this exercise selected 35 representative subcategories, weighted proportionally to each Function's share of the full framework — a standard time-boxing approach for an initial assessment.
B22: Maturity scale (Current State & Target State)
... B41: Subcategory identifiers and descriptions are drawn from the official NIST CSF 2.0 Core (NIST, published Feb 26, 2024). Current state, target state, likelihood, impact, findings, and recommendations are this assessment's own analysis of the fictional Northbridge environment.

Sheet Risk Register
A1: Function | B1: Category | C1: Subcategory ID | D1: Subcategory Description | E1: Current State | F1: Current State Label | G1: Target State | H1: Target State Label | I1: Gap | J1: Likelihood (1-5) | K1: Impact (1-5) | L1: Risk Score | M1: Risk Band | N1: Finding | O1: Recommendation | P1: Owner | Q1: Horizon (Days)
A2: Govern | B2: Organizational Context (GV.OC) | C2: GV.OC-01 | D2: The organizational mission is understood and informs cybersecurity risk management | E2: 1 | F2: =CHOOSE(E2+1,"Not Implemented","Partially Implemented","Largely Implemented","Fully Implemented") -> Partially Implemented | G2: 2 | H2: =CHOOSE(G2+1,"Not Implemented","Partially Implemented","Largely Implemented","Fully Implemented") -> Largely Implemented | I2: =G2-E2 -> 1 | J2: 4 | K2: 3 | L2: =J2*K2 -> 12 | M2: =IF(L2>=15,"Critical",IF(L2>=10,"High",IF(L2>=5,"Medium","Low"))) -> High | N2: No written statement ties cybersecurity priorities to business objectives, so risk decisions get made ad hoc without a shared reference point. | O2: Draft a 1-page cybersecurity risk statement tied to business priorities. | P2: Leadership | Q2: 30
A3: Govern | B3: Risk Management Strategy (GV.RM) | C3: GV.RM-01 | D3: Risk management objectives are established and agreed to by organizational stakeholders | E3: 0 | F3: =CHOOSE(E3+1,"Not Implemented","Partially Implemented","Largely Implemented","Fully Implemented") -> Not Implemented | G3: 1 | H3: =CHOOSE(G3+1,"Not Implemented","Partially Implemented","Largely Implemented","Fully Implemented") -> Partially Implemented | I3: =G3-E3 -> 1 | J3: 3 | K3: 4 | L3: =J3*K3 -> 12 | M3: =IF(L3>=15,"Critical",IF(L3>=10,"High",IF(L3>=5,"Medium","Low"))) -> High | N3: Leadership has never formally agreed on what level of risk is acceptable for Northbridge, so there's no shared basis for risk decisions. | O3: Hold a leadership session to agree on 3-5 risk management objectives. | P3: Leadership | Q3: 30
A4: Govern | B4: Roles, Responsibilities, and Authorities (GV.RR) | C4: GV.RR-01 | D4: Organizational leadership is responsible and accountable for cybersecurity risk and fosters a culture that is risk-aware, ethical, and continually improving | E4: 1 | F4: =CHOOSE(E4+1,"Not Implemented","Partially Implemented","Largely Implemented","Fully Implemented") -> Partially Implemented | G4: 2 | H4: =CHOOSE(G4+1,"Not Implemented","Partially Implemented","Largely Implemented","Fully Implemented") -> Largely Implemented | I4: =G4-E4 -> 1 | J4: 3 | K4: 4 | L4: =J4*K4 -> 12 | M4: =IF(L4>=15,"Critical",IF(L4>=10,"High",IF(L4>=5,"Medium","Low"))) -> High | N4: Nobody has clearly documented who owns cybersecurity. It defaults informally to the Ops Manager without a defined mandate. | O4: Document a RACI matrix for security tasks across Ops Manager, MSP, and IT contractor. | P4: Leadership | Q4: 30
A5: Govern | B5: Cybersecurity Supply Chain Risk Management (GV.SC) | C5: GV.SC-01 | D5: A cybersecurity supply chain risk management program, strategy, objectives, policies, and processes are established and agreed to by organizational stakeholders | E5: 0 | F5: =CHOOSE(E5+1,"Not Implemented","Partially Implemented","Largely Implemented","Fully Implemented") -> Not Implemented | G5: 2 | H5: =CHOOSE(G5+1,"Not Implemented","Partially Implemented","Largely Implemented","Fully Implemented") -> Largely Implemented | I5: =G5-E5 -> 2 | J5: 4 | K5: 4 | L5: =J5*K5 -> 16 | M5: =IF(L5>=15,"Critical",IF(L5>=10,"High",IF(L5>=5,"Medium","Low"))) -> Critical | N5: No strategy for managing risk from suppliers (3PL, hosting, Salesforce, Stripe) -- Northbridge trusts its vendors by default. | O5: Build a vendor list with a one-page risk note per supplier. | P5: Ops Manager | Q5: 30
A6: Govern | B6: Organizational Context (GV.OC) | C6: GV.OC-03 | D6: Legal, regulatory, and contractual requirements regarding cybersecurity -- including privacy and civil liberties obligations -- are understood and managed | E6: 0 | F6: =CHOOSE(E6+1,"Not Implemented","Partially Implemented","Largely Implemented","Fully Implemented") -> Not Implemented | G6: 1 | H6: =CHOOSE(G6+1,"Not Implemented","Partially Implemented","Largely Implemented","Fully Implemented") -> Partially Implemented | I6: =G6-E6 -> 1 | J6: 3 | K6: 4 | L6: =J6*K6 -> 12 | M6: =IF(L6>=15,"Critical",IF(L6>=10,"High",IF(L6>=5,"Medium","Low"))) -> High | N6: Nobody has catalogued which legal, contractual, or regulatory cybersecurity obligations actually apply (e.g. state breach-notification laws, PCI obligations via Stripe). | O6: Compile an inventory of regulatory and contractual cybersecurity obligations. | P6: Ops Manager | Q6: 90
A7: Govern | B7: Policy (GV.PO) | C7: GV.PO-01 | D7: Policy for managing cybersecurity risks is established based on organizational context, cybersecurity strategy, and priorities and is communicated and enforced | E7: 0 | F7: =CHOOSE(E7+1,"Not Implemented","Partially Implemented","Largely Implemented","Fully Implemented") -> Not Implemented | G7: 2 | H7: =CHOOSE(G7+1,"Not Implemented","Partially Implemented","Largely Implemented","Fully Implemented") -> Largely Implemented | I7: =G7-E7 -> 2 | J7: 4 | K7: 3 | L7: =J7*K7 -> 12 | M7: =IF(L7>=15,"Critical",IF(L7>=10,"High",IF(L7>=5,"Medium","Low"))) -> High | N7: There's no written acceptable-use or data-handling policy -- expectations for staff exist only informally. | O7: Adopt and distribute an acceptable-use and data-handling policy. | P7: Leadership | Q7: 90
A8: Govern | B8: Cybersecurity Supply Chain Risk Management (GV.SC) | C8: GV.SC-04 | D8: Suppliers are known and prioritized by criticality | E8: 0 | F8: =CHOOSE(E8+1,"Not Implemented","Partially Implemented","Largely Implemented","Fully Implemented") -> Not Implemented | G8: 1 | H8: =CHOOSE(G8+1,"Not Implemented","Partially Implemented","Largely Implemented","Fully Implemented") -> Partially Implemented | I8: =G8-E8 -> 1 | J8: 3 | K8: 4 | L8: =J8*K8 -> 12 | M8: =IF(L8>=15,"Critical",IF(L8>=10,"High",IF(L8>=5,"Medium","Low"))) -> High | N8: Vendors aren't tiered by criticality, so a compromised low-risk tool gets the same lack of scrutiny as Salesforce or Stripe. | O8: Tier vendors into Critical vs Standard risk. | P8: Ops Manager | Q8: 90
A9: Govern | B9: Risk Management Strategy (GV.RM) | C9: GV.RM-03 | D9: Cybersecurity risk management activities and outcomes are included in enterprise risk management processes | E9: 0 | F9: =CHOOSE(E9+1,"Not Implemented","Partially Implemented","Largely Implemented","Fully Implemented") -> Not Implemented | G9: 1 | H9: =CHOOSE(G9+1,"Not Implemented","Partially Implemented","Largely Implemented","Fully Implemented") -> Partially Implemented | I9: =G9-E9 -> 1 | J9: 2 | K9: 3 | L9: =J9*K9 -> 6 | M9: =IF(L9>=15,"Critical",IF(L9>=10,"High",IF(L9>=5,"Medium","Low"))) -> Medium | N9: Cybersecurity risk isn't factored into broader business risk conversations -- it lives in its own silo, when it has any home at all. | O9: Define a written risk tolerance statement so risk decisions have a consistent reference point. | P9: Leadership | Q9: 180
A10: Govern | B10: Oversight (GV.OV) | C10: GV.OV-01 | D10: Cybersecurity risk management strategy outcomes are reviewed to inform and adjust strategy and direction | E10: 0 | F10: =CHOOSE(E10+1,"Not Implemented","Partially Implemented","Largely Implemented","Fully Implemented") -> Not Implemented | G10: 1 | H10: =CHOOSE(G10+1,"Not Implemented","Partially Implemented","Largely Implemented","Fully Implemented") -> Partially Implemented | I10: =G10-E10 -> 1 | J10: 2 | K10: 3 | L10: =J10*K10 -> 6 | M10: =IF(L10>=15,"Critical",IF(L10>=10,"High",IF(L10>=5,"Medium","Low"))) -> Medium | N10: Leadership has no standing review of cybersecurity posture, so nothing prompts a reassessment as the business changes. | O10: Add a standing leadership review of cybersecurity posture (e.g. quarterly). | P10: Leadership | Q10: 180
A11: Govern | B11: Cybersecurity Supply Chain Risk Management (GV.SC) | C11: GV.SC-06 | D11: Planning and due diligence are performed to reduce risks before entering into formal supplier or other third-party relationships | E11: 0 | F11: =CHOOSE(E11+1,"Not Implemented","Partially Implemented","Largely Implemented","Fully Implemented") -> Not Implemented | G11: 1 | H11: =CHOOSE(G11+1,"Not Implemented","Partially Implemented","Largely Implemented","Fully Implemented") -> Partially Implemented | I11: =G11-E11 -> 1 | J11: 2 | K11: 2 | L11: =J11*K11 -> 4 | M11: =IF(L11>=15,"Critical",IF(L11>=10,"High",IF(L11>=5,"Medium","Low"))) -> Low | N11: New vendors are onboarded without any cybersecurity due diligence. | O11: Add a lightweight security questionnaire to vendor onboarding before signing new suppliers. | P11: Ops Manager | Q11: 180
A12: Identify | B12: Asset Management (ID.AM) | C12: ID.AM-01 | D12: Inventories of hardware managed by the organization are maintained | E12: 1 | F12: =CHOOSE(E12+1,"Not Implemented","Partially Implemented","Largely Implemented","Fully Implemented") -> Partially Implemented | G12: 2 | H12: =CHOOSE(G12+1,"Not Implemented","Partially Implemented","Largely Implemented","Fully Implemented") -> Largely Implemented | I12: =G12-E12 -> 1 | J12: 3 | K12: 4 | L12: =J12*K12 -> 12 | M12: =IF(L12>=15,"Critical",IF(L12>=10,"High",IF(L12>=5,"Medium","Low"))) -> High | N12: Hardware inventory exists only informally through the MSP's ticketing history -- there's no authoritative, current device list. | O12: Validate a complete hardware asset inventory via the MSP. | P12: MSP | Q12: 90
A13: Identify | B13: Asset Management (ID.AM) | C13: ID.AM-02 | D13: Inventories of software, services, and systems managed by the organization are maintained | E13: 0 | F13: =CHOOSE(E13+1,"Not Implemented","Partially Implemented","Largely Implemented","Fully Implemented") -> Not Implemented | G13: 1 | H13: =CHOOSE(G13+1,"Not Implemented","Partially Implemented","Largely Implemented","Fully Implemented") -> Partially Implemented | I13: =G13-E13 -> 1 | J13: 2 | K13: 3 | L13: =J13*K13 -> 6 | M13: =IF(L13>=15,"Critical",IF(L13>=10,"High",IF(L13>=5,"Medium","Low"))) -> Medium | N13: No consolidated list of the SaaS applications actually in use (M365, Salesforce, Stripe, WooCommerce, and whatever else staff have signed up for). | O13: Build a single SaaS application inventory. | P13: Ops Manager | Q13: 30
... A36: Recover | B36: Incident Recovery Communication (RC.CO) | C36: RC.CO-03 | D36: Recovery activities and progress in restoring operational capabilities are communicated to designated internal and external stakeholders | E36: 0 | F36: =CHOOSE(E36+1,"Not Implemented","Partially Implemented","Largely Implemented","Fully Implemented") -> Not Implemented | G36: 1 | H36: =CHOOSE(G36+1,"Not Implemented","Partially Implemented","Largely Implemented","Fully Implemented") -> Partially Implemented | I36: =G36-E36 -> 1 | J36: 2 | K36: 2 | L36: =J36*K36 -> 4 | M36: =IF(L36>=15,"Critical",IF(L36>=10,"High",IF(L36>=5,"Medium","Low"))) -> Low | N36: There's no template for telling customers what's happening during an outage or breach -- messaging would be improvised under pressure. | O36: Add a customer-facing outage communication template. | P36: Ops Manager | Q36: 180

Sheet Function Summary
A1: Maturity Heatmap by Function
A2: All formulas reference the Risk Register tab directly — update a score there and this table recalculates.
A4: Function | B4: Subcategories | C4: Avg Current (0-3) | D4: Avg Target (0-3) | E4: Gap | F4: Critical | G4: High | H4: Medium | I4: Low
A5: Govern | B5: =COUNTIF('Risk Register'!$A$2:$A$36,A5) -> 10 | C5: =AVERAGEIF('Risk Register'!$A$2:$A$36,A5,'Risk Register'!$E$2:$E$36) -> 0.2 | D5: =AVERAGEIF('Risk Register'!$A$2:$A$36,A5,'Risk Register'!$G$2:$G$36) -> 1.4 | E5: =D5-C5 -> 1.2 | F5: =COUNTIFS('Risk Register'!$A$2:$A$36,A5,'Risk Register'!$M$2:$M$36,"Critical") -> 1 | G5: =COUNTIFS('Risk Register'!$A$2:$A$36,A5,'Risk Register'!$M$2:$M$36,"High") -> 6 | H5: =COUNTIFS('Risk Register'!$A$2:$A$36,A5,'Risk Register'!$M$2:$M$36,"Medium") -> 2 | I5: =COUNTIFS('Risk Register'!$A$2:$A$36,A5,'Risk Register'!$M$2:$M$36,"Low") -> 1
A6: Identify | B6: =COUNTIF('Risk Register'!$A$2:$A$36,A6) -> 7 | C6: =AVERAGEIF('Risk Register'!$A$2:$A$36,A6,'Risk Register'!$E$2:$E$36) -> 0.14285714 | D6: =AVERAGEIF('Risk Register'!$A$2:$A$36,A6,'Risk Register'!$G$2:$G$36) -> 1.4285714 | E6: =D6-C6 -> 1.2857143 | F6: =COUNTIFS('Risk Register'!$A$2:$A$36,A6,'Risk Register'!$M$2:$M$36,"Critical") -> 2 | G6: =COUNTIFS('Risk Register'!$A$2:$A$36,A6,'Risk Register'!$M$2:$M$36,"High") -> 1 | H6: =COUNTIFS('Risk Register'!$A$2:$A$36,A6,'Risk Register'!$M$2:$M$36,"Medium") -> 1 | I6: =COUNTIFS('Risk Register'!$A$2:$A$36,A6,'Risk Register'!$M$2:$M$36,"Low") -> 3
A7: Protect | B7: =COUNTIF('Risk Register'!$A$2:$A$36,A7) -> 7 | C7: =AVERAGEIF('Risk Register'!$A$2:$A$36,A7,'Risk Register'!$E$2:$E$36) -> 0.71428571 | D7: =AVERAGEIF('Risk Register'!$A$2:$A$36,A7,'Risk Register'!$G$2:$G$36) -> 2 | E7: =D7-C7 -> 1.2857143 | F7: =COUNTIFS('Risk Register'!$A$2:$A$36,A7,'Risk Register'!$M$2:$M$36,"Critical") -> 4 | G7: =COUNTIFS('Risk Register'!$A$2:$A$36,A7,'Risk Register'!$M$2:$M$36,"High") -> 1 | H7: =COUNTIFS('Risk Register'!$A$2:$A$36,A7,'Risk Register'!$M$2:$M$36,"Medium") -> 1 | I7: =COUNTIFS('Risk Register'!$A$2:$A$36,A7,'Risk Register'!$M$2:$M$36,"Low") -> 1
A8: Detect | B8: =COUNTIF('Risk Register'!$A$2:$A$36,A8) -> 4 | C8: =AVERAGEIF('Risk Register'!$A$2:$A$36,A8,'Risk Register'!$E$2:$E$36) -> 0 | D8: =AVERAGEIF('Risk Register'!$A$2:$A$36,A8,'Risk Register'!$G$2:$G$36) -> 1 | E8: =D8-C8 -> 1 | F8: =COUNTIFS('Risk Register'!$A$2:$A$36,A8,'Risk Register'!$M$2:$M$36,"Critical") -> 1 | G8: =COUNTIFS('Risk Register'!$A$2:$A$36,A8,'Risk Register'!$M$2:$M$36,"High") -> 0 | H8: =COUNTIFS('Risk Register'!$A$2:$A$36,A8,'Risk Register'!$M$2:$M$36,"Medium") -> 1 | I8: =COUNTIFS('Risk Register'!$A$2:$A$36,A8,'Risk Register'!$M$2:$M$36,"Low") -> 2
A9: Respond | B9: =COUNTIF('Risk Register'!$A$2:$A$36,A9) -> 4 | C9: =AVERAGEIF('Risk Register'!$A$2:$A$36,A9,'Risk Register'!$E$2:$E$36) -> 0 | D9: =AVERAGEIF('Risk Register'!$A$2:$A$36,A9,'Risk Register'!$G$2:$G$36) -> 1.5 | E9: =D9-C9 -> 1.5 | F9: =COUNTIFS('Risk Register'!$A$2:$A$36,A9,'Risk Register'!$M$2:$M$36,"Critical") -> 2 | G9: =COUNTIFS('Risk Register'!$A$2:$A$36,A9,'Risk Register'!$M$2:$M$36,"High") -> 0 | H9: =COUNTIFS('Risk Register'!$A$2:$A$36,A9,'Risk Register'!$M$2:$M$36,"Medium") -> 1 | I9: =COUNTIFS('Risk Register'!$A$2:$A$36,A9,'Risk Register'!$M$2:$M$36,"Low") -> 1
A10: Recover | B10: =COUNTIF('Risk Register'!$A$2:$A$36,A10) -> 3 | C10: =AVERAGEIF('Risk Register'!$A$2:$A$36,A10,'Risk Register'!$E$2:$E$36) -> 0 | D10: =AVERAGEIF('Risk Register'!$A$2:$A$36,A10,'Risk Register'!$G$2:$G$36) -> 1 | E10: =D10-C10 -> 1 | F10: =COUNTIFS('Risk Register'!$A$2:$A$36,A10,'Risk Register'!$M$2:$M$36,"Critical") -> 0 | G10: =COUNTIFS('Risk Register'!$A$2:$A$36,A10,'Risk Register'!$M$2:$M$36,"High") -> 1 | H10: =COUNTIFS('Risk Register'!$A$2:$A$36,A10,'Risk Register'!$M$2:$M$36,"Medium") -> 1 | I10: =COUNTIFS('Risk Register'!$A$2:$A$36,A10,'Risk Register'!$M$2:$M$36,"Low") -> 1
A11: All Functions | B11: =SUM(B5:B10) -> 35 | C11: =AVERAGE('Risk Register'!$E$2:$E$36) -> 0.22857143 | D11: =AVERAGE('Risk Register'!$G$2:$G$36) -> 1.4571429 | E11: =D11-C11 -> 1.2285714 | F11: =SUM(F5:F10) -> 10 | G11: =SUM(G5:G10) -> 9 | H11: =SUM(H5:H10) -> 7 | I11: =SUM(I5:I10) -> 9
A13: Note: Redder Gap cells = larger distance between current and target maturity. Source: this assessment's Risk Register tab.

Sheet Roadmap
A1: Remediation Roadmap
A2: Grouped by effort/dependency horizon, not just severity -- matches the executive report.
A4: Quick Wins — 30 Days (8 actions)
A5: Function | B5: ID | C5: Recommendation | D5: Owner | E5: Risk Band
A6: Govern | B6: GV.OC-01 | C6: Draft a 1-page cybersecurity risk statement tied to business priorities. | D6: Leadership | E6: High
A7: Govern | B7: GV.RM-01 | C7: Hold a leadership session to agree on 3-5 risk management objectives. | D7: Leadership | E7: High
A8: Govern | B8: GV.RR-01 | C8: Document a RACI matrix for security tasks across Ops Manager, MSP, and IT contractor. | D8: Leadership | E8: High
A9: Govern | B9: GV.SC-01 | C9: Build a vendor list with a one-page risk note per supplier. | D9: Ops Manager | E9: Critical
A10: Identify | B10: ID.AM-02 | C10: Build a single SaaS application inventory. | D10: Ops Manager | E10: Medium
A11: Identify | B11: ID.AM-07 | C11: Map where customer PII and payment data flows end to end. | D11: Ops Manager | E11: Critical
A12: Protect | B12: PR.AA-01 | C12: Document an offboarding checklist for M365, Salesforce, and 3PL access. | D12: Ops Manager | E12: High
A13: Protect | B13: PR.AA-02 | C13: Enforce MFA for all M365 accounts via Conditional Access. | D13: MSP | E13: Critical
A15: Medium-Term — 90 Days (12 actions)
A16: Function | B16: ID | C16: Recommendation | D16: Owner | E16: Risk Band
A17: Govern | B17: GV.OC-03 | C17: Compile an inventory of regulatory and contractual cybersecurity obligations. | D17: Ops Manager | E17: High
A18: Govern | B18: GV.PO-01 | C18: Adopt and distribute an acceptable-use and data-handling policy. | D18: Leadership | E18: High
A19: Govern | B19: GV.SC-04 | C19: Tier vendors into Critical vs Standard risk. | D19: Ops Manager | E19: High
A20: Identify | B20: ID.AM-01 | C20: Validate a complete hardware asset inventory via the MSP. | D20: MSP | E20: High
A21: Identify | B21: ID.RA-01 | C21: Commission a basic external vulnerability scan of the ordering portal. | D21: MSP | E21: Critical
A22: Protect | B22: PR.AT-01 | C22: Roll out annual phishing-awareness training to all staff. | D22: Ops Manager | E22: Critical
A23: Protect | B23: PR.DS-01 | C23: Confirm encryption-at-rest practices with Stripe, the 3PL, and the web host in writing. | D23: MSP | E23: Critical
A24: Protect | B24: PR.PS-01 | C24: Confirm a monthly patch cadence for the WooCommerce/WordPress portal. | D24: MSP | E24: Critical
A25: Protect | B25: PR.PS-04 | C25: Confirm M365 audit logging is enabled and retained 90+ days. | D25: MSP | E25: Medium
A26: Detect | B26: DE.CM-01 | C26: Close monitoring gaps with the MSP for adverse-event detection. | D26: MSP | E26: Critical
A27: Respond | B27: RS.MA-01 | C27: Draft a 2-page incident response plan. | D27: Ops Manager | E27: Critical
A28: Respond | B28: RS.CO-02 | C28: Identify breach-notification requirements and add timelines to the IR plan. | D28: Ops Manager | E28: Critical
A30: Long-Term — 180 Days (15 actions)
A31: Function | B31: ID | C31: Recommendation | D31: Owner | E31: Risk Band
A32: Govern | B32: GV.RM-03 | C32: Define a written risk tolerance statement so risk decisions have a consistent reference point. | D32: Leadership | E32: Medium
A33: Govern | B33: GV.OV-01 | C33: Add a standing leadership review of cybersecurity posture (e.g. quarterly). | D33: Leadership | E33: Medium
A34: Govern | B34: GV.SC-06 | C34: Add a lightweight security questionnaire to vendor onboarding before signing new suppliers. | D34: Ops Manager | E34: Low
A35: Identify | B35: ID.RA-05 | C35: Formally use this year's findings to prioritize next year's risk response, rather than starting from scratch. | D35: Ops Manager | E35: Low
A36: Identify | B36: ID.RA-08 | C36: Publish a responsible-disclosure contact so researchers have a way to report vulnerabilities. | D36: Ops Manager | E36: Low
A37: Identify | B37: ID.IM-01 | C37: Make this risk assessment an annual, repeatable process so improvements get tracked year over year. | D37: Ops Manager | E37: Low
A38: Protect | B38: PR.IR-04 | C38: Confirm the hosting provider's SLA and scaling plan can handle a traffic spike or attack. | D38: MSP | E38: Low
A39: Detect | B39: DE.CM-09 | C39: Enable monitoring for unauthorized changes to servers, endpoints, and the software running on them. | D39: MSP | E39: Medium
A40: Detect | B40: DE.AE-02 | C40: Define what counts as an investigable incident and how it gets triaged. | D40: MSP | E40: Low
A41: Detect | B41: DE.AE-03 | C41: Correlate signals across M365, the portal, and the 3PL so related events aren't missed. | D41: MSP | E41: Low
A42: Respond | B42: RS.MA-03 | C42: Add severity tiers to the incident response plan so the team knows what to tackle first. | D42: Ops Manager | E42: Medium
... A46: Recover | B46: RC.CO-03 | C46: Add a customer-facing outage communication template. | D46: Ops Manager | E46: Low
